{
	"QuoteCode":"6501/T",
	"AbbreviatedName":"日  立",
	"MarketName":"東証",
	"ListedSection":"ﾌﾟﾗｲﾑ",
	"Today":"2024/06/03",
	"AverageDays":[
		{"Date":"2024/05/31","TotalVolume":"5784100","HighLowMark":"H","SQMark":"W-SQ"},
		{"Date":"2024/05/30","TotalVolume":"2958500","HighLowMark":"","SQMark":""},
		{"Date":"2024/05/29","TotalVolume":"3245700","HighLowMark":"","SQMark":""},
		{"Date":"2024/05/28","TotalVolume":"2413400","HighLowMark":"L","SQMark":""},
		{"Date":"2024/05/27","TotalVolume":"2922700","HighLowMark":"","SQMark":""}
	]
}
