{
	"AMOpenTickFrame":{
		"AverageDaysChart":{
			"Distribution":"4.4",
			"Cumulative":"4.4"
		},
		"TodayChart":{
			"Distribution":"5.5",
			"Cumulative":"5.5",
			"ClosePrice":"16295"
		}
	},
	"AMTickFrame":{
		"09:00-09:30":{
			"AverageDaysChart":{
				"Distribution":"15.5",
				"Cumulative":"19.9"
			},
			"TodayChart":{
				"Distribution":"16.7",
				"Cumulative":"22.2",
				"ClosePrice":"16395"
			}
		},
		"09:31-10:00":{
			"AverageDaysChart":{
				"Distribution":"15.5",
				"Cumulative":"19.9"
			},
			"TodayChart":{
				"Distribution":"16.7",
				"Cumulative":"22.2",
				"ClosePrice":"16395"
			}
		},
		"10:01-10:30":{
			"AverageDaysChart":{
				"Distribution":"15.5",
				"Cumulative":"19.9"
			},
			"TodayChart":{
				"Distribution":"16.7",
				"Cumulative":"22.2",
				"ClosePrice":"16395"
			}
		},
		"10:31-11:00":{
			"AverageDaysChart":{
				"Distribution":"15.5",
				"Cumulative":"19.9"
			},
			"TodayChart":{
				"Distribution":"16.7",
				"Cumulative":"22.2",
				"ClosePrice":"16395"
			}
		},
		"11:01-11:30":{
			"AverageDaysChart":{
				"Distribution":"3.4",
				"Cumulative":"40.6"
			},
			"TodayChart":{
				"Distribution":"2.3",
				"Cumulative":"37.6",
				"ClosePrice":"16345"
			}
		}
	},
	"AMCloseTickFrame":{
		"AverageDaysChart":{
			"Distribution":"0.1",
			"Cumulative":"40.8"
		},
		"TodayChart":{
			"Distribution":"0.3",
			"Cumulative":"37.8",
			"ClosePrice":"16370"
		}
	},
	"PMOpenTickFrame":{
		"AverageDaysChart":{
			"Distribution":"1.1",
			"Cumulative":"41.9"
		},
		"TodayChart":{
			"Distribution":"0.5",
			"Cumulative":"38.3",
			"ClosePrice":"16340"
		}
	},
	"PMTickFrame":{
		"12:30-13:00":{
			"AverageDaysChart":{
				"Distribution":"7.1",
				"Cumulative":"49.0"
			},
			"TodayChart":{
				"Distribution":"0.5",
				"Cumulative":"38.3",
				"ClosePrice":"16370"
			}
		},
		"13:01-13:30":{
			"AverageDaysChart":{
				"Distribution":"15.5",
				"Cumulative":"19.9"
			},
			"TodayChart":{
				"Distribution":"16.7",
				"Cumulative":"22.2",
				"ClosePrice":"16395"
			}
		},
		"13:31-14:00":{
			"AverageDaysChart":{
				"Distribution":"15.5",
				"Cumulative":"19.9"
			},
			"TodayChart":{
				"Distribution":"16.7",
				"Cumulative":"22.2",
				"ClosePrice":"16395"
			}
		},
		"14:01-14:30":{
			"AverageDaysChart":{
				"Distribution":"15.5",
				"Cumulative":"19.9"
			},
			"TodayChart":{
				"Distribution":"16.7",
				"Cumulative":"22.2",
				"ClosePrice":"16395"
			}
		},
		"14:31-15:00":{
			"AverageDaysChart":{
				"Distribution":"8.8",
				"Cumulative":"70.0"
			},
			"TodayChart":{
				"Distribution":"",
				"Cumulative":"",
				"ClosePrice":""
			}
		}
	},
	"PMCloseTickFrame":{
		"AverageDaysChart":{
			"Distribution":"30.0",
			"Cumulative":"100.0"
		},
		"TodayChart":{
			"Distribution":"",
			"Cumulative":"",
			"ClosePrice":""
		}
	}
}
