{
	"TotalFrame":{
		"AverageDaysData":{
			"Volume":"3,464,880",
			"Distribution":"100.0%",
			"Cumulative":"-"
		},
		"TodayData":{
			"Volume":"1,658,100",
			"Distribution":"47.9%",
			"Cumulative":"-",
			"Difference":"-52.1%"
		},
		"MostVolumeAndPrice":{
			"Price":"-",
			"Volume":"-"
		},
		"CloseVWAP":""
	},
	"AMOpenTickFrame":{
		"AverageDaysData":{
			"Volume":"153,220",
			"Distribution":"4.4%",
			"Cumulative":"4.4%"
		},
		"TodayData":{
			"Volume":"189,100",
			"Distribution":"5.5%",
			"Cumulative":"5.5%",
			"Difference":"1.0%"
		},
		"MostVolumeAndPrice":{
			"Price":"16,295",
			"Volume":"189,100"
		},
		"CloseVWAP":"-"
	},
	"AMTickFrame":{
		"09:00-09:30":{
			"AverageDaysData":{
				"Volume":"537,140",
				"Distribution":"15.5%",
				"Cumulative":"19.9%"
			},
			"TodayData":{
				"Volume":"579,900",
				"Distribution":"16.7%",
				"Cumulative":"22.2%",
				"Difference":"1.2%"
			},
			"MostVolumeAndPrice":{
				"Price":"16,400",
				"Volume":"40,900"
			},
			"CloseVWAP":"-"
		},
		"09:31-10:00":{
			"AverageDaysData":{
				"Volume":"537,140",
				"Distribution":"15.5%",
				"Cumulative":"19.9%"
			},
			"TodayData":{
				"Volume":"579,900",
				"Distribution":"16.7%",
				"Cumulative":"22.2%",
				"Difference":"1.2%"
			},
			"MostVolumeAndPrice":{
				"Price":"16,400",
				"Volume":"40,900"
			},
			"CloseVWAP":"-"
		},
		"10:01-10:30":{
			"AverageDaysData":{
				"Volume":"537,140",
				"Distribution":"15.5%",
				"Cumulative":"19.9%"
			},
			"TodayData":{
				"Volume":"579,900",
				"Distribution":"16.7%",
				"Cumulative":"22.2%",
				"Difference":"1.2%"
			},
			"MostVolumeAndPrice":{
				"Price":"16,400",
				"Volume":"40,900"
			},
			"CloseVWAP":"-"
		},
		"10:31-11:00":{
			"AverageDaysData":{
				"Volume":"537,140",
				"Distribution":"15.5%",
				"Cumulative":"19.9%"
			},
			"TodayData":{
				"Volume":"579,900",
				"Distribution":"16.7%",
				"Cumulative":"22.2%",
				"Difference":"1.2%"
			},
			"MostVolumeAndPrice":{
				"Price":"16,400",
				"Volume":"40,900"
			},
			"CloseVWAP":"-"
		},
		"11:01-11:30":{
			"AverageDaysData":{
				"Volume":"118,680",
				"Distribution":"3.4%",
				"Cumulative":"40.6%"
			},
			"TodayData":{
				"Volume":"78,200",
				"Distribution":"2.3%",
				"Cumulative":"37.6%",
				"Difference":"0.1%"
			},
			"MostVolumeAndPrice":{
				"Price":"16,370",
				"Volume":"9,800"
			},
			"CloseVWAP":"-"
		}
	},
	"AMCloseTickFrame":{
		"AverageDaysData":{
			"Volume":"5,100",
			"Distribution":"0.1%",
			"Cumulative":"40.8%"
		},
		"TodayData":{
			"Volume":"9,800",
			"Distribution":"0.3%",
			"Cumulative":"37.8%",
			"Difference":"0.1%"
		},
		"MostVolumeAndPrice":{
			"Price":"16,370",
			"Volume":"9,800"
		},
		"CloseVWAP":"-"
	},
	"AMCloseSessionFrame":{
		"AverageDaysData":{
			"Volume":"-",
			"Distribution":"-",
			"Cumulative":"-"
		},
		"TodayData":{
			"Volume":"1,311,200",
			"Distribution":"-",
			"Cumulative":"-",
			"Difference":"-"
		},
		"MostVolumeAndPrice":{
			"Price":"-",
			"Volume":"-"
		},
		"CloseVWAP":"16,367.1232"
	},
	"PMOpenTickFrame":{
		"AverageDaysData":{
			"Volume":"38,560",
			"Distribution":"1.1%",
			"Cumulative":"41.9%"
		},
		"TodayData":{
			"Volume":"16,200",
			"Distribution":"0.5%",
			"Cumulative":"38.3%",
			"Difference":"-0.6%"
		},
		"MostVolumeAndPrice":{
			"Price":"16,340",
			"Volume":"16,200"
		},
		"CloseVWAP":"-"
	},
	"PMTickFrame":{
		"12:30-13:00":{
			"AverageDaysData":{
				"Volume":"246,600",
				"Distribution":"7.1%",
				"Cumulative":"49.0%"
			},
			"TodayData":{
				"Volume":"175,400",
				"Distribution":"0.5%",
				"Cumulative":"38.3%",
				"Difference":"-0.6%"
			},
			"MostVolumeAndPrice":{
				"Price":"16,340",
				"Volume":"24,200"
			},
			"CloseVWAP":"-"
		},
		"13:01-13:30":{
			"AverageDaysData":{
				"Volume":"537,140",
				"Distribution":"15.5%",
				"Cumulative":"19.9%"
			},
			"TodayData":{
				"Volume":"579,900",
				"Distribution":"16.7%",
				"Cumulative":"22.2%",
				"Difference":"1.2%"
			},
			"MostVolumeAndPrice":{
				"Price":"16,400",
				"Volume":"40,900"
			},
			"CloseVWAP":"-"
		},
		"13:31-14:00":{
			"AverageDaysData":{
				"Volume":"537,140",
				"Distribution":"15.5%",
				"Cumulative":"19.9%"
			},
			"TodayData":{
				"Volume":"579,900",
				"Distribution":"16.7%",
				"Cumulative":"22.2%",
				"Difference":"1.2%"
			},
			"MostVolumeAndPrice":{
				"Price":"16,400",
				"Volume":"40,900"
			},
			"CloseVWAP":"-"
		},
		"14:01-14:30":{
			"AverageDaysData":{
				"Volume":"537,140",
				"Distribution":"15.5%",
				"Cumulative":"19.9%"
			},
			"TodayData":{
				"Volume":"579,900",
				"Distribution":"16.7%",
				"Cumulative":"22.2%",
				"Difference":"1.2%"
			},
			"MostVolumeAndPrice":{
				"Price":"16,400",
				"Volume":"40,900"
			},
			"CloseVWAP":"-"
		},
		"14:31-15:00":{
			"AverageDaysData":{
				"Volume":"306,400",
				"Distribution":"8.8%",
				"Cumulative":"70.0%"
			},
			"TodayData":{
				"Volume":"",
				"Distribution":"",
				"Cumulative":"",
				"Difference":""
			},
			"MostVolumeAndPrice":{
				"Price":"",
				"Volume":""
			},
			"CloseVWAP":"-"
		}
	},
	"PMCloseTickFrame":{
		"AverageDaysData":{
			"Volume":"1,038,200",
			"Distribution":"30.0%",
			"Cumulative":"100.0%"
		},
		"TodayData":{
			"Volume":"",
			"Distribution":"",
			"Cumulative":"",
			"Difference":""
		},
		"MostVolumeAndPrice":{
			"Price":"",
			"Volume":""
		},
		"CloseVWAP":"-"
	},
	"PMCloseSessionFrame":{
		"AverageDaysData":{
			"Volume":"-",
			"Distribution":"-",
			"Cumulative":"-"
		},
		"TodayData":{
			"Volume":"",
			"Distribution":"-",
			"Cumulative":"-",
			"Difference":"-"
		},
		"MostVolumeAndPrice":{
			"Price":"-",
			"Volume":"-"
		},
		"CloseVWAP":""
	}
}
