{
	"EveningOpenTickFrame":{
		"AverageDaysChart":{
			"Distribution":"10",
			"Cumulative":"0.3"
		},
		"TodayChart":{
			"Distribution":"0.1",
			"Cumulative":"0.1",
			"ClosePrice":"38430"
		}
	},
	"EveningTickFrame":{
		"15:30-16:00":{
			"AverageDaysChart":{
				"Distribution":"20",
				"Cumulative":"2.2"
			},
			"TodayChart":{
				"Distribution":"20",
				"Cumulative":"2.3",
				"ClosePrice":"380430"
			}
		},
		"16:01-16:30":{
			"AverageDaysChart":{
				"Distribution":"20",
				"Cumulative":"2.2"
			},
			"TodayChart":{
				"Distribution":"20",
				"Cumulative":"2.3",
				"ClosePrice":"38430"
			}
		},
		"16:31-17:00":{
			"AverageDaysChart":{
				"Distribution":"20",
				"Cumulative":"2.2"
			},
			"TodayChart":{
				"Distribution":"20",
				"Cumulative":"2.3",
				"ClosePrice":"38430"
			}
		},
		"17:01-17:30":{
			"AverageDaysChart":{
				"Distribution":"20",
				"Cumulative":"2.2"
			},
			"TodayChart":{
				"Distribution":"20",
				"Cumulative":"2.3",
				"ClosePrice":"38430"
			}
		}
		
	},
	"EveningCloseTickFrame":{
		"AverageDaysChart":{
			"Distribution":"120",
			"Cumulative":"25.6"
		},
		"TodayChart":{
			"Distribution":"0.1",
			"Cumulative":"42.2",
			"ClosePrice":"38730"
		}
	},
	"AMOpenTickFrame":{
		"AverageDaysChart":{
			"Distribution":"33",
			"Cumulative":"26.3"
		},
		"TodayChart":{
			"Distribution":"0.5",
			"Cumulative":"42.7",
			"ClosePrice":"38770"
		}
	},
	"AMTickFrame":{
		"08:45-09:15":{
			"AverageDaysChart":{
				"Distribution":"30",
				"Cumulative":"37.4"
			},
			"TodayChart":{
				"Distribution":"11.4",
				"Cumulative":"54.1",
				"ClosePrice":"38890"
			}
		},
		"09:16-09:45":{
			"AverageDaysChart":{
				"Distribution":"30",
				"Cumulative":"37.4"
			},
			"TodayChart":{
				"Distribution":"11.4",
				"Cumulative":"54.1",
				"ClosePrice":"38890"
			}
		},
		"09:46-10:15":{
			"AverageDaysChart":{
				"Distribution":"30",
				"Cumulative":"37.4"
			},
			"TodayChart":{
				"Distribution":"11.4",
				"Cumulative":"54.1",
				"ClosePrice":"38890"
			}
		},
		"10:16-10:45":{
			"AverageDaysChart":{
				"Distribution":"30",
				"Cumulative":"37.4"
			},
			"TodayChart":{
				"Distribution":"30",
				"Cumulative":"54.1",
				"ClosePrice":"38890"
			}
		},
		"10:46-11:02":{
			"AverageDaysChart":{
				"Distribution":"30",
				"Cumulative":"98.1"
			},
			"TodayChart":{
				"Distribution":"30",
				"Cumulative":"42.1",
				"ClosePrice":"38750"
			}
		}
	},
	"AMCloseTickFrame":{
		"AverageDaysChart":{
			"Distribution":"330",
			"Cumulative":"100.0"
		},
		"TodayChart":{
			"Distribution":"0.1",
			"Cumulative":"42.2",
			"ClosePrice":"38730"
		}
	},
	"PMOpenTickFrame":{
		"AverageDaysChart":{
			"Distribution":"40",
			"Cumulative":"26.3"
		},
		"TodayChart":{
			"Distribution":"0.5",
			"Cumulative":"42.7",
			"ClosePrice":"38770"
		}
	},
	"PMTickFrame":{
		"12:30-13:00":{
			"AverageDaysChart":{
				"Distribution":"45",
				"Cumulative":"37.4"
			},
			"TodayChart":{
				"Distribution":"11.4",
				"Cumulative":"54.1",
				"ClosePrice":"38890"
			}
		},
		"13:01-13:30":{
			"AverageDaysChart":{
				"Distribution":"45",
				"Cumulative":"37.4"
			},
			"TodayChart":{
				"Distribution":"11.4",
				"Cumulative":"54.1",
				"ClosePrice":"38890"
			}
		},
		"13:31-14:00":{
			"AverageDaysChart":{
				"Distribution":"45",
				"Cumulative":"37.4"
			},
			"TodayChart":{
				"Distribution":"11.4",
				"Cumulative":"54.1",
				"ClosePrice":"38890"
			}
		},
		"14:01-14:30":{
			"AverageDaysChart":{
				"Distribution":"45",
				"Cumulative":"37.4"
			},
			"TodayChart":{
				"Distribution":"11.4",
				"Cumulative":"54.1",
				"ClosePrice":"38890"
			}
		},
		"14:31-15:00":{
			"AverageDaysChart":{
				"Distribution":"45",
				"Cumulative":"37.4"
			},
			"TodayChart":{
				"Distribution":"11.4",
				"Cumulative":"54.1",
				"ClosePrice":"38890"
			}
		},
		"15:01-15:02":{
			"AverageDaysChart":{
				"Distribution":"45",
				"Cumulative":"98.1"
			},
			"TodayChart":{
				"Distribution":"",
				"Cumulative":"",
				"ClosePrice":""
			}
		}
	},
	"PMCloseTickFrame":{
		"AverageDaysChart":{
			"Distribution":"450",
			"Cumulative":"100.0"
		},
		"TodayChart":{
			"Distribution":"",
			"Cumulative":"",
			"ClosePrice":""
		}
	}
}
