{
	"2024/05/31":{
		"TotalFrame":{
			"Volume":"58,141",
			"Distribution":"-"
		},
		"EveningOpenTickFrame":{
			"Volume":"462",
			"Distribution":"0.8%"
		},
		"EveningTickFrame":{
			"16:30-17:00":{
				"Volume":"1,254",
				"Distribution":"2.2%"
			},
			"17:01-17:30":{
				"Volume":"1,254",
				"Distribution":"2.2%"
			},
			"17:31-18:00":{
				"Volume":"1,254",
				"Distribution":"2.2%"
			},
			"18:01-18:30":{
				"Volume":"1,254",
				"Distribution":"2.2%"
			},
			"18:31-19:00":{
				"Volume":"1,254",
				"Distribution":"2.2%"
			},
			"19:01-19:30":{
				"Volume":"1,254",
				"Distribution":"2.2%"
			},
			"19:31-20:00":{
				"Volume":"1,254",
				"Distribution":"2.2%"
			},
			"20:01-20:30":{
				"Volume":"1,254",
				"Distribution":"2.2%"
			},
			"20:31-21:00":{
				"Volume":"1,254",
				"Distribution":"2.2%"
			},
			"21:01-21:30":{
				"Volume":"1,254",
				"Distribution":"2.2%"
			},
			"21:31-22:00":{
				"Volume":"1,254",
				"Distribution":"2.2%"
			},
			"22:01-22:30":{
				"Volume":"1,254",
				"Distribution":"2.2%"
			},
			"22:31-23:00":{
				"Volume":"1,254",
				"Distribution":"2.2%"
			},
			"23:01-23:30":{
				"Volume":"1,254",
				"Distribution":"2.2%"
			},
			"23:31-00:00":{
				"Volume":"1,254",
				"Distribution":"2.2%"
			},
			"00:01-00:30":{
				"Volume":"1,254",
				"Distribution":"2.2%"
			},
			"00:31-01:00":{
				"Volume":"1,254",
				"Distribution":"2.2%"
			},
			"01:01-01:30":{
				"Volume":"1,254",
				"Distribution":"2.2%"
			},
			"01:31-02:00":{
				"Volume":"1,254",
				"Distribution":"2.2%"
			},
			"02:01-02:30":{
				"Volume":"1,254",
				"Distribution":"2.2%"
			},
			"02:31-03:00":{
				"Volume":"1,254",
				"Distribution":"2.2%"
			},
			"03:01-03:30":{
				"Volume":"1,254",
				"Distribution":"2.2%"
			},
			"03:31-04:00":{
				"Volume":"1,254",
				"Distribution":"2.2%"
			},
			"04:01-04:30":{
				"Volume":"1,254",
				"Distribution":"2.2%"
			},
			"04:31-05:00":{
				"Volume":"1,254",
				"Distribution":"2.2%"
			},
			"05:01-05:30":{
				"Volume":"1,254",
				"Distribution":"2.2%"
			},
			"05:31-06:00":{
				"Volume":"95",
				"Distribution":"0.2%"
			}
		},
		"EveningCloseTickFrame":{
			"Volume":"31",
			"Distribution":"0.1%"
		},
		"AMOpenTickFrame":{
			"Volume":"269",
			"Distribution":"0.5%"
		},
		"AMTickFrame":{
			"08:45-09:15":{
				"Volume":"6,115",
				"Distribution":"10.5%"
			},
			"09:16-09:45":{
				"Volume":"6,115",
				"Distribution":"10.5%"
			},
			"09:46-10:15":{
				"Volume":"6,115",
				"Distribution":"10.5%"
			},
			"10:16-10:45":{
				"Volume":"6,115",
				"Distribution":"10.5%"
			},
			"10:46-11:15":{
				"Volume":"6,115",
				"Distribution":"10.5%"
			},
			"11:16-11:45":{
				"Volume":"6,115",
				"Distribution":"10.5%"
			},
			"11:46-12:15":{
				"Volume":"6,115",
				"Distribution":"10.5%"
			},
			"12:16-12:45":{
				"Volume":"6,115",
				"Distribution":"10.5%"
			},
			"12:46-13:15":{
				"Volume":"6,115",
				"Distribution":"10.5%"
			},
			"13:16-13:45":{
				"Volume":"6,115",
				"Distribution":"10.5%"
			},
			"13:46-14:15":{
				"Volume":"6,115",
				"Distribution":"10.5%"
			},
			"14:16-14:45":{
				"Volume":"6,115",
				"Distribution":"10.5%"
			},
			"14:46-15:15":{
				"Volume":"5,353",
				"Distribution":"9.2%"
			}
		},
		"AMCloseTickFrame":{
			"Volume":"1,123",
			"Distribution":"1.9%"
		}
	},
	"2024/05/30":{
		"TotalFrame":{
			"Volume":"58,141",
			"Distribution":"-"
		},
		"EveningOpenTickFrame":{
			"Volume":"462",
			"Distribution":"0.8%"
		},
		"EveningTickFrame":{
			"16:30-17:00":{
				"Volume":"1,254",
				"Distribution":"2.2%"
			},
			"17:01-17:30":{
				"Volume":"1,254",
				"Distribution":"2.2%"
			},
			"17:31-18:00":{
				"Volume":"1,254",
				"Distribution":"2.2%"
			},
			"18:01-18:30":{
				"Volume":"1,254",
				"Distribution":"2.2%"
			},
			"18:31-19:00":{
				"Volume":"1,254",
				"Distribution":"2.2%"
			},
			"19:01-19:30":{
				"Volume":"1,254",
				"Distribution":"2.2%"
			},
			"19:31-20:00":{
				"Volume":"1,254",
				"Distribution":"2.2%"
			},
			"20:01-20:30":{
				"Volume":"1,254",
				"Distribution":"2.2%"
			},
			"20:31-21:00":{
				"Volume":"1,254",
				"Distribution":"2.2%"
			},
			"21:01-21:30":{
				"Volume":"1,254",
				"Distribution":"2.2%"
			},
			"21:31-22:00":{
				"Volume":"1,254",
				"Distribution":"2.2%"
			},
			"22:01-22:30":{
				"Volume":"1,254",
				"Distribution":"2.2%"
			},
			"22:31-23:00":{
				"Volume":"1,254",
				"Distribution":"2.2%"
			},
			"23:01-23:30":{
				"Volume":"1,254",
				"Distribution":"2.2%"
			},
			"23:31-00:00":{
				"Volume":"1,254",
				"Distribution":"2.2%"
			},
			"00:01-00:30":{
				"Volume":"1,254",
				"Distribution":"2.2%"
			},
			"00:31-01:00":{
				"Volume":"1,254",
				"Distribution":"2.2%"
			},
			"01:01-01:30":{
				"Volume":"1,254",
				"Distribution":"2.2%"
			},
			"01:31-02:00":{
				"Volume":"1,254",
				"Distribution":"2.2%"
			},
			"02:01-02:30":{
				"Volume":"1,254",
				"Distribution":"2.2%"
			},
			"02:31-03:00":{
				"Volume":"1,254",
				"Distribution":"2.2%"
			},
			"03:01-03:30":{
				"Volume":"1,254",
				"Distribution":"2.2%"
			},
			"03:31-04:00":{
				"Volume":"1,254",
				"Distribution":"2.2%"
			},
			"04:01-04:30":{
				"Volume":"1,254",
				"Distribution":"2.2%"
			},
			"04:31-05:00":{
				"Volume":"1,254",
				"Distribution":"2.2%"
			},
			"05:01-05:30":{
				"Volume":"1,254",
				"Distribution":"2.2%"
			},
			"05:31-06:00":{
				"Volume":"95",
				"Distribution":"0.2%"
			}
		},
		"EveningCloseTickFrame":{
			"Volume":"31",
			"Distribution":"0.1%"
		},
		"AMOpenTickFrame":{
			"Volume":"269",
			"Distribution":"0.5%"
		},
		"AMTickFrame":{
			"08:45-09:15":{
				"Volume":"6,115",
				"Distribution":"10.5%"
			},
			"09:16-09:45":{
				"Volume":"6,115",
				"Distribution":"10.5%"
			},
			"09:46-10:15":{
				"Volume":"6,115",
				"Distribution":"10.5%"
			},
			"10:16-10:45":{
				"Volume":"6,115",
				"Distribution":"10.5%"
			},
			"10:46-11:15":{
				"Volume":"6,115",
				"Distribution":"10.5%"
			},
			"11:16-11:45":{
				"Volume":"6,115",
				"Distribution":"10.5%"
			},
			"11:46-12:15":{
				"Volume":"6,115",
				"Distribution":"10.5%"
			},
			"12:16-12:45":{
				"Volume":"6,115",
				"Distribution":"10.5%"
			},
			"12:46-13:15":{
				"Volume":"6,115",
				"Distribution":"10.5%"
			},
			"13:16-13:45":{
				"Volume":"6,115",
				"Distribution":"10.5%"
			},
			"13:46-14:15":{
				"Volume":"6,115",
				"Distribution":"10.5%"
			},
			"14:16-14:45":{
				"Volume":"6,115",
				"Distribution":"10.5%"
			},
			"14:46-15:15":{
				"Volume":"5,353",
				"Distribution":"9.2%"
			}
		},
		"AMCloseTickFrame":{
			"Volume":"1,123",
			"Distribution":"1.9%"
		}
	},
	"2024/05/29":{
		"TotalFrame":{
			"Volume":"58,141",
			"Distribution":"-"
		},
		"EveningOpenTickFrame":{
			"Volume":"462",
			"Distribution":"0.8%"
		},
		"EveningTickFrame":{
			"16:30-17:00":{
				"Volume":"1,254",
				"Distribution":"2.2%"
			},
			"17:01-17:30":{
				"Volume":"1,254",
				"Distribution":"2.2%"
			},
			"17:31-18:00":{
				"Volume":"1,254",
				"Distribution":"2.2%"
			},
			"18:01-18:30":{
				"Volume":"1,254",
				"Distribution":"2.2%"
			},
			"18:31-19:00":{
				"Volume":"1,254",
				"Distribution":"2.2%"
			},
			"19:01-19:30":{
				"Volume":"1,254",
				"Distribution":"2.2%"
			},
			"19:31-20:00":{
				"Volume":"1,254",
				"Distribution":"2.2%"
			},
			"20:01-20:30":{
				"Volume":"1,254",
				"Distribution":"2.2%"
			},
			"20:31-21:00":{
				"Volume":"1,254",
				"Distribution":"2.2%"
			},
			"21:01-21:30":{
				"Volume":"1,254",
				"Distribution":"2.2%"
			},
			"21:31-22:00":{
				"Volume":"1,254",
				"Distribution":"2.2%"
			},
			"22:01-22:30":{
				"Volume":"1,254",
				"Distribution":"2.2%"
			},
			"22:31-23:00":{
				"Volume":"1,254",
				"Distribution":"2.2%"
			},
			"23:01-23:30":{
				"Volume":"1,254",
				"Distribution":"2.2%"
			},
			"23:31-00:00":{
				"Volume":"1,254",
				"Distribution":"2.2%"
			},
			"00:01-00:30":{
				"Volume":"1,254",
				"Distribution":"2.2%"
			},
			"00:31-01:00":{
				"Volume":"1,254",
				"Distribution":"2.2%"
			},
			"01:01-01:30":{
				"Volume":"1,254",
				"Distribution":"2.2%"
			},
			"01:31-02:00":{
				"Volume":"1,254",
				"Distribution":"2.2%"
			},
			"02:01-02:30":{
				"Volume":"1,254",
				"Distribution":"2.2%"
			},
			"02:31-03:00":{
				"Volume":"1,254",
				"Distribution":"2.2%"
			},
			"03:01-03:30":{
				"Volume":"1,254",
				"Distribution":"2.2%"
			},
			"03:31-04:00":{
				"Volume":"1,254",
				"Distribution":"2.2%"
			},
			"04:01-04:30":{
				"Volume":"1,254",
				"Distribution":"2.2%"
			},
			"04:31-05:00":{
				"Volume":"1,254",
				"Distribution":"2.2%"
			},
			"05:01-05:30":{
				"Volume":"1,254",
				"Distribution":"2.2%"
			},
			"05:31-06:00":{
				"Volume":"95",
				"Distribution":"0.2%"
			}
		},
		"EveningCloseTickFrame":{
			"Volume":"31",
			"Distribution":"0.1%"
		},
		"AMOpenTickFrame":{
			"Volume":"269",
			"Distribution":"0.5%"
		},
		"AMTickFrame":{
			"08:45-09:15":{
				"Volume":"6,115",
				"Distribution":"10.5%"
			},
			"09:16-09:45":{
				"Volume":"6,115",
				"Distribution":"10.5%"
			},
			"09:46-10:15":{
				"Volume":"6,115",
				"Distribution":"10.5%"
			},
			"10:16-10:45":{
				"Volume":"6,115",
				"Distribution":"10.5%"
			},
			"10:46-11:15":{
				"Volume":"6,115",
				"Distribution":"10.5%"
			},
			"11:16-11:45":{
				"Volume":"6,115",
				"Distribution":"10.5%"
			},
			"11:46-12:15":{
				"Volume":"6,115",
				"Distribution":"10.5%"
			},
			"12:16-12:45":{
				"Volume":"6,115",
				"Distribution":"10.5%"
			},
			"12:46-13:15":{
				"Volume":"6,115",
				"Distribution":"10.5%"
			},
			"13:16-13:45":{
				"Volume":"6,115",
				"Distribution":"10.5%"
			},
			"13:46-14:15":{
				"Volume":"6,115",
				"Distribution":"10.5%"
			},
			"14:16-14:45":{
				"Volume":"6,115",
				"Distribution":"10.5%"
			},
			"14:46-15:15":{
				"Volume":"5,353",
				"Distribution":"9.2%"
			}
		},
		"AMCloseTickFrame":{
			"Volume":"1,123",
			"Distribution":"1.9%"
		}
	},
	"2024/05/28":{
		"TotalFrame":{
			"Volume":"58,141",
			"Distribution":"-"
		},
		"EveningOpenTickFrame":{
			"Volume":"462",
			"Distribution":"0.8%"
		},
		"EveningTickFrame":{
			"16:30-17:00":{
				"Volume":"1,254",
				"Distribution":"2.2%"
			},
			"17:01-17:30":{
				"Volume":"1,254",
				"Distribution":"2.2%"
			},
			"17:31-18:00":{
				"Volume":"1,254",
				"Distribution":"2.2%"
			},
			"18:01-18:30":{
				"Volume":"1,254",
				"Distribution":"2.2%"
			},
			"18:31-19:00":{
				"Volume":"1,254",
				"Distribution":"2.2%"
			},
			"19:01-19:30":{
				"Volume":"1,254",
				"Distribution":"2.2%"
			},
			"19:31-20:00":{
				"Volume":"1,254",
				"Distribution":"2.2%"
			},
			"20:01-20:30":{
				"Volume":"1,254",
				"Distribution":"2.2%"
			},
			"20:31-21:00":{
				"Volume":"1,254",
				"Distribution":"2.2%"
			},
			"21:01-21:30":{
				"Volume":"1,254",
				"Distribution":"2.2%"
			},
			"21:31-22:00":{
				"Volume":"1,254",
				"Distribution":"2.2%"
			},
			"22:01-22:30":{
				"Volume":"1,254",
				"Distribution":"2.2%"
			},
			"22:31-23:00":{
				"Volume":"1,254",
				"Distribution":"2.2%"
			},
			"23:01-23:30":{
				"Volume":"1,254",
				"Distribution":"2.2%"
			},
			"23:31-00:00":{
				"Volume":"1,254",
				"Distribution":"2.2%"
			},
			"00:01-00:30":{
				"Volume":"1,254",
				"Distribution":"2.2%"
			},
			"00:31-01:00":{
				"Volume":"1,254",
				"Distribution":"2.2%"
			},
			"01:01-01:30":{
				"Volume":"1,254",
				"Distribution":"2.2%"
			},
			"01:31-02:00":{
				"Volume":"1,254",
				"Distribution":"2.2%"
			},
			"02:01-02:30":{
				"Volume":"1,254",
				"Distribution":"2.2%"
			},
			"02:31-03:00":{
				"Volume":"1,254",
				"Distribution":"2.2%"
			},
			"03:01-03:30":{
				"Volume":"1,254",
				"Distribution":"2.2%"
			},
			"03:31-04:00":{
				"Volume":"1,254",
				"Distribution":"2.2%"
			},
			"04:01-04:30":{
				"Volume":"1,254",
				"Distribution":"2.2%"
			},
			"04:31-05:00":{
				"Volume":"1,254",
				"Distribution":"2.2%"
			},
			"05:01-05:30":{
				"Volume":"1,254",
				"Distribution":"2.2%"
			},
			"05:31-06:00":{
				"Volume":"95",
				"Distribution":"0.2%"
			}
		},
		"EveningCloseTickFrame":{
			"Volume":"31",
			"Distribution":"0.1%"
		},
		"AMOpenTickFrame":{
			"Volume":"269",
			"Distribution":"0.5%"
		},
		"AMTickFrame":{
			"08:45-09:15":{
				"Volume":"6,115",
				"Distribution":"10.5%"
			},
			"09:16-09:45":{
				"Volume":"6,115",
				"Distribution":"10.5%"
			},
			"09:46-10:15":{
				"Volume":"6,115",
				"Distribution":"10.5%"
			},
			"10:16-10:45":{
				"Volume":"6,115",
				"Distribution":"10.5%"
			},
			"10:46-11:15":{
				"Volume":"6,115",
				"Distribution":"10.5%"
			},
			"11:16-11:45":{
				"Volume":"6,115",
				"Distribution":"10.5%"
			},
			"11:46-12:15":{
				"Volume":"6,115",
				"Distribution":"10.5%"
			},
			"12:16-12:45":{
				"Volume":"6,115",
				"Distribution":"10.5%"
			},
			"12:46-13:15":{
				"Volume":"6,115",
				"Distribution":"10.5%"
			},
			"13:16-13:45":{
				"Volume":"6,115",
				"Distribution":"10.5%"
			},
			"13:46-14:15":{
				"Volume":"6,115",
				"Distribution":"10.5%"
			},
			"14:16-14:45":{
				"Volume":"6,115",
				"Distribution":"10.5%"
			},
			"14:46-15:15":{
				"Volume":"5,353",
				"Distribution":"9.2%"
			}
		},
		"AMCloseTickFrame":{
			"Volume":"1,123",
			"Distribution":"1.9%"
		}
	},
	"2024/05/27":{
		"TotalFrame":{
			"Volume":"36,403",
			"Distribution":"-"
		},
		"EveningOpenTickFrame":{
			"Volume":"58",
			"Distribution":"0.2%"
		},
		"EveningTickFrame":{
			"16:30-17:00":{
				"Volume":"725",
				"Distribution":"2.0%"
			},
			"17:01-17:30":{
				"Volume":"725",
				"Distribution":"2.0%"
			},
			"17:31-18:00":{
				"Volume":"725",
				"Distribution":"2.0%"
			},
			"18:01-18:30":{
				"Volume":"725",
				"Distribution":"2.0%"
			},
			"18:31-19:00":{
				"Volume":"725",
				"Distribution":"2.0%"
			},
			"19:01-19:30":{
				"Volume":"725",
				"Distribution":"2.0%"
			},
			"19:31-20:00":{
				"Volume":"725",
				"Distribution":"2.0%"
			},
			"20:01-20:30":{
				"Volume":"725",
				"Distribution":"2.0%"
			},
			"20:31-21:00":{
				"Volume":"725",
				"Distribution":"2.0%"
			},
			"21:01-21:30":{
				"Volume":"725",
				"Distribution":"2.0%"
			},
			"21:31-22:00":{
				"Volume":"725",
				"Distribution":"2.0%"
			},
			"22:01-22:30":{
				"Volume":"725",
				"Distribution":"2.0%"
			},
			"22:31-23:00":{
				"Volume":"725",
				"Distribution":"2.0%"
			},
			"23:01-23:30":{
				"Volume":"725",
				"Distribution":"2.0%"
			},
			"23:31-00:00":{
				"Volume":"725",
				"Distribution":"2.0%"
			},
			"00:01-00:30":{
				"Volume":"725",
				"Distribution":"2.0%"
			},
			"00:31-01:00":{
				"Volume":"725",
				"Distribution":"2.0%"
			},
			"01:01-01:30":{
				"Volume":"725",
				"Distribution":"2.0%"
			},
			"01:31-02:00":{
				"Volume":"725",
				"Distribution":"2.0%"
			},
			"02:01-02:30":{
				"Volume":"725",
				"Distribution":"2.0%"
			},
			"02:31-03:00":{
				"Volume":"725",
				"Distribution":"2.0%"
			},
			"03:01-03:30":{
				"Volume":"725",
				"Distribution":"2.0%"
			},
			"03:31-04:00":{
				"Volume":"725",
				"Distribution":"2.0%"
			},
			"04:01-04:30":{
				"Volume":"725",
				"Distribution":"2.0%"
			},
			"04:31-05:00":{
				"Volume":"725",
				"Distribution":"2.0%"
			},
			"05:01-05:30":{
				"Volume":"725",
				"Distribution":"2.0%"
			},
			"05:31-06:00":{
				"Volume":"62",
				"Distribution":"0.2%"
			}
		},
		"EveningCloseTickFrame":{
			"Volume":"58",
			"Distribution":"0.2%"
		},
		"AMOpenTickFrame":{
			"Volume":"205",
			"Distribution":"0.6%"
		},
		"AMTickFrame":{
			"08:45-09:15":{
				"Volume":"3592",
				"Distribution":"9.9%"
			},
			"09:16-09:45":{
				"Volume":"3592",
				"Distribution":"9.9%"
			},
			"09:46-10:15":{
				"Volume":"3592",
				"Distribution":"9.9%"
			},
			"10:16-10:45":{
				"Volume":"3592",
				"Distribution":"9.9%"
			},
			"10:46-11:15":{
				"Volume":"3592",
				"Distribution":"9.9%"
			},
			"11:16-11:45":{
				"Volume":"3592",
				"Distribution":"9.9%"
			},
			"11:46-12:15":{
				"Volume":"3592",
				"Distribution":"9.9%"
			},
			"12:16-12:45":{
				"Volume":"3592",
				"Distribution":"9.9%"
			},
			"12:46-13:15":{
				"Volume":"3592",
				"Distribution":"9.9%"
			},
			"13:16-13:45":{
				"Volume":"3592",
				"Distribution":"9.9%"
			},
			"13:46-14:15":{
				"Volume":"3592",
				"Distribution":"9.9%"
			},
			"14:16-14:45":{
				"Volume":"3592",
				"Distribution":"9.9%"
			},
			"14:46-15:15":{
				"Volume":"2738",
				"Distribution":"7.5%"
			}
		},
		"AMCloseTickFrame":{
			"Volume":"850",
			"Distribution":"2.3%"
		}
	}
}
